name,label
shirt/00000133.jpg,shirt
shirt/00000092.jpg,shirt
shirt/00000048.jpg,shirt
shirt/00000151.jpg,shirt
shirt/00000196.jpg,shirt
shirt/00000018.jpg,shirt
shirt/00000072.jpg,shirt
shirt/00000125.jpg,shirt
shirt/00000017.jpg,shirt
shirt/00000155.jpg,shirt
shirt/00000162.jpg,shirt
shirt/00000044.jpg,shirt
shirt/00000038.jpg,shirt
shirt/00000193.jpg,shirt
shirt/00000100.jpg,shirt
shirt/00000172.jpg,shirt
shirt/00000197.jpg,shirt
shirt/00000062.jpg,shirt
shirt/00000054.jpg,shirt
shirt/00000055.jpg,shirt
shirt/00000146.jpg,shirt
shirt/00000148.jpg,shirt
shirt/00000184.jpg,shirt
shirt/00000119.jpg,shirt
shirt/00000007.jpg,shirt
shirt/00000030.jpg,shirt
shirt/00000067.jpg,shirt
shirt/00000093.jpg,shirt
shirt/00000036.jpg,shirt
shirt/00000005.jpg,shirt
shirt/00000021.jpg,shirt
shirt/00000153.jpg,shirt
shirt/00000075.jpg,shirt
shirt/00000176.jpg,shirt
shirt/00000020.jpg,shirt
shirt/00000140.jpg,shirt
shirt/00000097.jpg,shirt
shirt/00000166.jpg,shirt
shirt/00000009.jpg,shirt
shirt/00000174.jpg,shirt
shirt/00000085.jpg,shirt
shirt/00000108.jpg,shirt
shirt/00000043.jpg,shirt
shirt/00000077.jpg,shirt
shirt/00000071.jpg,shirt
shirt/00000011.jpg,shirt
shirt/00000109.jpg,shirt
shirt/00000105.jpg,shirt
shirt/00000076.jpg,shirt
shirt/00000006.jpg,shirt
shirt/00000195.jpg,shirt
shirt/00000065.jpg,shirt
shirt/00000128.jpg,shirt
shirt/00000180.jpg,shirt
shirt/00000199.jpg,shirt
shirt/00000060.jpg,shirt
shirt/00000069.jpg,shirt
shirt/00000023.jpg,shirt
shirt/00000059.jpg,shirt
shirt/00000132.jpg,shirt
shirt/00000057.jpg,shirt
shirt/00000001.jpg,shirt
shirt/00000019.jpg,shirt
shirt/00000115.jpg,shirt
shirt/00000094.jpg,shirt
shirt/00000004.jpg,shirt
shirt/00000027.jpg,shirt
shirt/00000102.jpg,shirt
shirt/00000191.jpg,shirt
shirt/00000192.jpg,shirt
shirt/00000187.jpg,shirt
shirt/00000111.jpg,shirt
shirt/00000068.jpg,shirt
shirt/00000143.jpg,shirt
shirt/00000024.jpg,shirt
shirt/00000142.jpg,shirt
shirt/00000039.jpg,shirt
shirt/00000080.jpg,shirt
shirt/00000029.jpg,shirt
shirt/00000033.jpg,shirt
shirt/00000124.jpg,shirt
shirt/00000089.jpg,shirt
shirt/00000066.jpg,shirt
shirt/00000164.jpg,shirt
shirt/00000149.jpg,shirt
shirt/00000123.jpg,shirt
shirt/00000141.jpg,shirt
shirt/00000037.jpg,shirt
shirt/00000137.jpg,shirt
shirt/00000194.jpg,shirt
shirt/00000110.jpg,shirt
shirt/00000182.jpg,shirt
shirt/00000016.jpg,shirt
shirt/00000051.jpg,shirt
shirt/00000003.jpg,shirt
shirt/00000034.jpg,shirt
shirt/00000052.jpg,shirt
shirt/00000107.jpg,shirt
shirt/00000090.jpg,shirt
shirt/00000047.jpg,shirt
shirt/00000031.jpg,shirt
shirt/00000175.jpg,shirt
shirt/00000138.jpg,shirt
shirt/00000013.jpg,shirt
shirt/00000131.jpg,shirt
shirt/00000099.jpg,shirt
shirt/00000120.jpg,shirt
shirt/00000152.jpg,shirt
shirt/00000046.jpg,shirt
shirt/00000088.jpg,shirt
shirt/00000042.jpg,shirt
shirt/00000083.jpg,shirt
shirt/00000025.jpg,shirt
shirt/00000161.jpg,shirt
shirt/00000171.jpg,shirt
shirt/00000198.jpg,shirt
shirt/00000063.jpg,shirt
shirt/00000145.jpg,shirt
shirt/00000160.jpg,shirt
shirt/00000156.jpg,shirt
shirt/00000074.jpg,shirt
shirt/00000170.jpg,shirt
shirt/00000165.jpg,shirt
shirt/00000163.jpg,shirt
shirt/00000008.jpg,shirt
shirt/00000150.jpg,shirt
shirt/00000117.jpg,shirt
shirt/00000147.jpg,shirt
shirt/00000144.jpg,shirt
shirt/00000104.jpg,shirt
shirt/00000113.jpg,shirt
shirt/00000181.jpg,shirt
shirt/00000129.jpg,shirt
shirt/00000000.jpg,shirt
shirt/00000103.jpg,shirt
shirt/00000002.jpg,shirt
shirt/00000183.jpg,shirt
shirt/00000045.jpg,shirt
shirt/00000078.jpg,shirt
shirt/00000010.jpg,shirt
shirt/00000122.jpg,shirt
shirt/00000159.jpg,shirt
shirt/00000127.jpg,shirt
shirt/00000190.jpg,shirt
shirt/00000189.jpg,shirt
shirt/00000139.jpg,shirt
shirt/00000169.jpg,shirt
shirt/00000186.jpg,shirt
shirt/00000095.jpg,shirt
shirt/00000118.jpg,shirt
shirt/00000058.jpg,shirt
shirt/00000082.jpg,shirt
shirt/00000121.jpg,shirt
shirt/00000070.jpg,shirt
shirt/00000041.jpg,shirt
shirt/00000173.jpg,shirt
shirt/00000035.jpg,shirt
shirt/00000098.jpg,shirt
shirt/00000053.jpg,shirt
shirt/00000079.jpg,shirt
shirt/00000179.jpg,shirt
shirt/00000154.jpg,shirt
shirt/00000136.jpg,shirt
shirt/00000130.jpg,shirt
shirt/00000091.jpg,shirt
shirt/00000126.jpg,shirt
pants/00000133.jpg,pants
pants/00000092.jpg,pants
pants/00000048.jpg,pants
pants/00000151.jpg,pants
pants/00000196.jpg,pants
pants/00000061.jpg,pants
pants/00000018.jpg,pants
pants/00000072.jpg,pants
pants/00000125.jpg,pants
pants/00000168.jpg,pants
pants/00000155.jpg,pants
pants/00000162.jpg,pants
pants/00000044.jpg,pants
pants/00000038.jpg,pants
pants/00000193.jpg,pants
pants/00000172.jpg,pants
pants/00000197.jpg,pants
pants/00000062.jpg,pants
pants/00000101.jpg,pants
pants/00000054.jpg,pants
pants/00000055.jpg,pants
pants/00000146.jpg,pants
pants/00000184.jpg,pants
pants/00000119.jpg,pants
pants/00000007.jpg,pants
pants/00000067.jpg,pants
pants/00000093.jpg,pants
pants/00000036.jpg,pants
pants/00000005.jpg,pants
pants/00000021.jpg,pants
pants/00000153.jpg,pants
pants/00000075.jpg,pants
pants/00000176.jpg,pants
pants/00000032.jpg,pants
pants/00000140.jpg,pants
pants/00000097.jpg,pants
pants/00000166.jpg,pants
pants/00000009.jpg,pants
pants/00000174.jpg,pants
pants/00000112.jpg,pants
pants/00000085.jpg,pants
pants/00000108.jpg,pants
pants/00000043.jpg,pants
pants/00000077.jpg,pants
pants/00000071.jpg,pants
pants/00000109.jpg,pants
pants/00000114.jpg,pants
pants/00000076.jpg,pants
pants/00000006.jpg,pants
pants/00000026.jpg,pants
pants/00000195.jpg,pants
pants/00000065.jpg,pants
pants/00000180.jpg,pants
pants/00000060.jpg,pants
pants/00000069.jpg,pants
pants/00000023.jpg,pants
pants/00000059.jpg,pants
pants/00000132.jpg,pants
pants/00000057.jpg,pants
pants/00000001.jpg,pants
pants/00000115.jpg,pants
pants/00000094.jpg,pants
pants/00000116.jpg,pants
pants/00000022.jpg,pants
pants/00000027.jpg,pants
pants/00000102.jpg,pants
pants/00000188.jpg,pants
pants/00000191.jpg,pants
pants/00000192.jpg,pants
pants/00000056.jpg,pants
pants/00000187.jpg,pants
pants/00000111.jpg,pants
pants/00000068.jpg,pants
pants/00000024.jpg,pants
pants/00000080.jpg,pants
pants/00000096.jpg,pants
pants/00000029.jpg,pants
pants/00000033.jpg,pants
pants/00000124.jpg,pants
pants/00000089.jpg,pants
pants/00000066.jpg,pants
pants/00000164.jpg,pants
pants/00000135.jpg,pants
pants/00000149.jpg,pants
pants/00000158.jpg,pants
pants/00000141.jpg,pants
pants/00000037.jpg,pants
pants/00000110.jpg,pants
pants/00000086.jpg,pants
pants/00000016.jpg,pants
pants/00000051.jpg,pants
pants/00000003.jpg,pants
pants/00000107.jpg,pants
pants/00000090.jpg,pants
pants/00000047.jpg,pants
pants/00000031.jpg,pants
pants/00000175.jpg,pants
pants/00000138.jpg,pants
pants/00000013.jpg,pants
pants/00000099.jpg,pants
pants/00000120.jpg,pants
pants/00000152.jpg,pants
pants/00000087.jpg,pants
pants/00000088.jpg,pants
pants/00000042.jpg,pants
pants/00000134.jpg,pants
pants/00000014.jpg,pants
pants/00000081.jpg,pants
pants/00000161.jpg,pants
pants/00000171.jpg,pants
pants/00000198.jpg,pants
pants/00000157.jpg,pants
pants/00000012.jpg,pants
pants/00000063.jpg,pants
pants/00000145.jpg,pants
pants/00000160.jpg,pants
pants/00000156.jpg,pants
pants/00000074.jpg,pants
pants/00000170.jpg,pants
pants/00000165.jpg,pants
pants/00000008.jpg,pants
pants/00000150.jpg,pants
pants/00000117.jpg,pants
pants/00000084.jpg,pants
pants/00000147.jpg,pants
pants/00000144.jpg,pants
pants/00000104.jpg,pants
pants/00000113.jpg,pants
pants/00000129.jpg,pants
pants/00000000.jpg,pants
pants/00000103.jpg,pants
pants/00000002.jpg,pants
pants/00000183.jpg,pants
pants/00000078.jpg,pants
pants/00000010.jpg,pants
pants/00000122.jpg,pants
pants/00000159.jpg,pants
pants/00000190.jpg,pants
pants/00000189.jpg,pants
pants/00000139.jpg,pants
pants/00000169.jpg,pants
pants/00000186.jpg,pants
pants/00000095.jpg,pants
pants/00000167.jpg,pants
pants/00000058.jpg,pants
pants/00000082.jpg,pants
pants/00000121.jpg,pants
pants/00000070.jpg,pants
pants/00000173.jpg,pants
pants/00000035.jpg,pants
pants/00000098.jpg,pants
pants/00000053.jpg,pants
pants/00000079.jpg,pants
pants/00000179.jpg,pants
pants/00000015.jpg,pants
pants/00000154.jpg,pants
pants/00000040.jpg,pants
pants/00000028.jpg,pants
pants/00000136.jpg,pants
pants/00000130.jpg,pants
pants/00000185.jpg,pants
pants/00000049.jpg,pants
pants/00000126.jpg,pants
skirt/00000092.jpg,skirt
skirt/00000048.jpg,skirt
skirt/00000151.jpg,skirt
skirt/00000125.jpg,skirt
skirt/00000017.jpg,skirt
skirt/00000155.jpg,skirt
skirt/00000162.jpg,skirt
skirt/00000044.jpg,skirt
skirt/00000038.jpg,skirt
skirt/00000193.jpg,skirt
skirt/00000100.jpg,skirt
skirt/00000172.jpg,skirt
skirt/00000197.jpg,skirt
skirt/00000062.jpg,skirt
skirt/00000101.jpg,skirt
skirt/00000055.jpg,skirt
skirt/00000146.jpg,skirt
skirt/00000148.jpg,skirt
skirt/00000007.jpg,skirt
skirt/00000030.jpg,skirt
skirt/00000093.jpg,skirt
skirt/00000005.jpg,skirt
skirt/00000021.jpg,skirt
skirt/00000075.jpg,skirt
skirt/00000097.jpg,skirt
skirt/00000166.jpg,skirt
skirt/00000009.jpg,skirt
skirt/00000112.jpg,skirt
skirt/00000085.jpg,skirt
skirt/00000077.jpg,skirt
skirt/00000071.jpg,skirt
skirt/00000109.jpg,skirt
skirt/00000114.jpg,skirt
skirt/00000076.jpg,skirt
skirt/00000065.jpg,skirt
skirt/00000128.jpg,skirt
skirt/00000199.jpg,skirt
skirt/00000060.jpg,skirt
skirt/00000023.jpg,skirt
skirt/00000132.jpg,skirt
skirt/00000057.jpg,skirt
skirt/00000001.jpg,skirt
skirt/00000019.jpg,skirt
skirt/00000116.jpg,skirt
skirt/00000022.jpg,skirt
skirt/00000188.jpg,skirt
skirt/00000191.jpg,skirt
skirt/00000192.jpg,skirt
skirt/00000056.jpg,skirt
skirt/00000187.jpg,skirt
skirt/00000111.jpg,skirt
skirt/00000068.jpg,skirt
skirt/00000143.jpg,skirt
skirt/00000142.jpg,skirt
skirt/00000080.jpg,skirt
skirt/00000096.jpg,skirt
skirt/00000029.jpg,skirt
skirt/00000033.jpg,skirt
skirt/00000124.jpg,skirt
skirt/00000089.jpg,skirt
skirt/00000066.jpg,skirt
skirt/00000135.jpg,skirt
skirt/00000158.jpg,skirt
skirt/00000037.jpg,skirt
skirt/00000194.jpg,skirt
skirt/00000110.jpg,skirt
skirt/00000086.jpg,skirt
skirt/00000182.jpg,skirt
skirt/00000051.jpg,skirt
skirt/00000003.jpg,skirt
skirt/00000034.jpg,skirt
skirt/00000052.jpg,skirt
skirt/00000107.jpg,skirt
skirt/00000047.jpg,skirt
skirt/00000031.jpg,skirt
skirt/00000138.jpg,skirt
skirt/00000013.jpg,skirt
skirt/00000120.jpg,skirt
skirt/00000046.jpg,skirt
skirt/00000014.jpg,skirt
skirt/00000081.jpg,skirt
skirt/00000161.jpg,skirt
skirt/00000073.jpg,skirt
skirt/00000171.jpg,skirt
skirt/00000063.jpg,skirt
skirt/00000145.jpg,skirt
skirt/00000160.jpg,skirt
skirt/00000156.jpg,skirt
skirt/00000008.jpg,skirt
skirt/00000150.jpg,skirt
skirt/00000117.jpg,skirt
skirt/00000084.jpg,skirt
skirt/00000144.jpg,skirt
skirt/00000064.jpg,skirt
skirt/00000177.jpg,skirt
skirt/00000000.jpg,skirt
skirt/00000103.jpg,skirt
skirt/00000002.jpg,skirt
skirt/00000045.jpg,skirt
skirt/00000078.jpg,skirt
skirt/00000010.jpg,skirt
skirt/00000122.jpg,skirt
skirt/00000159.jpg,skirt
skirt/00000127.jpg,skirt
skirt/00000190.jpg,skirt
skirt/00000186.jpg,skirt
skirt/00000095.jpg,skirt
skirt/00000167.jpg,skirt
skirt/00000118.jpg,skirt
skirt/00000058.jpg,skirt
skirt/00000050.jpg,skirt
skirt/00000082.jpg,skirt
skirt/00000173.jpg,skirt
skirt/00000178.jpg,skirt
skirt/00000053.jpg,skirt
skirt/00000079.jpg,skirt
skirt/00000015.jpg,skirt
skirt/00000154.jpg,skirt
skirt/00000028.jpg,skirt
skirt/00000049.jpg,skirt
